STORE_NUM,TYPE,ADDRESS,CITY,POSTCODE,STATE_REGION,STATUS,PHONE,DISTRICT_MANAGER,DM_CONTACT_NUM,HALAL,CAFE,NO_OF_DRIVETHRU,DTD,SET_UP_PRICE
5700,FSDT-Single,108 Emu Bank Road,Belconnen,2617,ACT,Trading,+61 2 6251 2877,Mohammed Khan,0433 026 260,0,1,1,1DT,36.05
5703,Co-Brand-Single,Cnr Newcastle & Wollongong Sts,Fyshwick,2608,ACT,Trading,+61 2 6280 0319,Mohammed Khan,0433 026 260,0,1,1,1DT,36.05
5704,FSDT-Single,7 Atkinson Street,Queanbeyan,2620,ACT,Trading,+61 2 6297 4511,Mohammed Khan,0433 026 260,0,1,1,1DTD,36.05
5706,Co-Brand-Single,Cnr Gundaroo Dr and Gibberson St,Gungahlin,2912,ACT,Trading,+61 2 6242 4491,Mohammed Khan,0433 026 260,0,1,1,1DT,36.05
5707,FSDT-Single,Cnr Drakeford and Athlon Drive Kambah ACT ,Kambah,2902,ACT,Trading,+61 2 6169 4741,Mohammed Khan,0433 026 260,0,1,1,1DTDD,36.05
8414,,421 Townsend Street,Albury,2640,NSW,,,,,0,0,1,1DTD,36.05
3426,FSDT-Single,115-117 Dumaresq Street,Armidale,2350,NSW,Trading,+61 2 6771 2933,Nicole Gilmore,0421 232 536,0,0,1,1DT,36.05
3444,FSDT-Single,542-554 Parramatta Rd,Ashfield,2131,NSW,Trading,+61 2 9797 0345,Ahmed Kawas,0428 883 473,0,1,1,1DT,36.05
8422,DT-Single,289 Parramatta Road ,Auburn,2144,NSW,Trading,+61 2 9648 6540,Jodie Townley,0402 982 081,1,0,1,1DT,36.05
3491,FSDT-Single,"Shop 27, 173-185 Canterbury Rd",Bankstown,2200,NSW,Trading,+61 2 9793 2374,Sean Pimenta,0410 717 544,1,0,1,1DT,36.05
3443,FSDT-Single,Cnr Milperra Rd & Henry Lawson Dve,Bankstown (Milperra) (10 panel),2214,NSW,Trading,+61 2 9790 6712,Sean Pimenta,0410 717 544,0,0,1,1DT,36.05
8420,DT-Single,739 Hume Highway,Bass Hill,2197,NSW,Trading,+61 2 9724 1109,Jodie Townley,0402 982 081,1,0,1,1DT,36.05
3420,FSDT-Single,54 Durham Street,Bathurst,2798,NSW,Trading,+61 2 6331 8279,David Wells,0436 415 028,0,0,1,1DT,36.05
3458,FSDT-Single,397 Pacific Hwy,Belmont NSW (10 panel),2280,NSW,Trading,+61 2 4947 7798,Jillian Wilson,0401 294 773,0,0,1,1DT,36.05
3486,Co-Brand-Single,"Lot 201, John Renshaw Drive, Cnr Kinta Drive",Beresfield,2322,NSW,Trading,+61 2 4964 4501,Jillian Wilson,0401 294 773,0,1,1,1DT,36.05
3479,Inline,"Shop 3024, Level 3 F/C, Westpoint S/C 17 Patrick St",Blacktown,2148,NSW,Temp Closure,+61 2 9621 3445,David Wells,0436 415 028,0,0,0,0DT,36.05
9403,Inline,"Shop 5, 152-162 Campbell Parade",Bondi Beach,2026,NSW,Trading,+61 2 9130 8787,Jodie Townley,0402 982 081,0,0,0,0DT,36.05
3488,FSDT-Single,68-82 Lambton Road,Broadmeadow,2292,NSW,Trading,+61 2 4962 1614,Jillian Wilson,0401 294 773,0,1,1,1DT,36.05
3475,Inline,162 Burwood Road,Burwood NSW,2134,NSW,Trading,+61 2 9715 1666,Ahmed Kawas,0428 883 473,0,0,0,0DT,36.05
3468,FSDT-Single,Cnr Cabramatta Road & Cumberland Way,Cabramatta,2166,NSW,Trading,+61 2 9821 4792,Ahmed Kawas,0428 883 473,0,0,2,2DTDD,36.05
3446,FSDT-Single,"Marketfair  S/C, Cnr Narellan & Tindall Roads ",Campbelltown,2560,NSW,Trading,+61 2 4628 8450,Nitin Mittal,0433 636 924,0,0,1,1DT,36.05
3497,Co-Brand-Single,629-631 Hume Hwy Casula NSW ,Casula,2170,NSW,Trading,+61 2 9600 9316,Sean Pimenta,0410 717 544,1,0,1,1DTD,36.05
3492,Inline,"Shop E1, Pod 4, Alfred St",Circular Quay,2000,NSW,Trading,+61 2 9211 5100,Bijen Batajoo,0403 240 642,0,0,0,0DTD,36.05
3415,FSDT-Single,Corner Pacific Highway & Bray St,Coffs Harbour,2450,NSW,Trading,+61 2 6651 1645,Nicole Gilmore,0421 232 536,0,0,1,1DT,36.05
3405,Inline,49 Oxford Street,Darlinghurst _Closed till 13th oct,2010,NSW,Trading,+61 2 9264 6905,Bijen Batajoo,0403 240 642,0,0,0,0DT,36.05
3309,Inline,"Shop 9, Henry Deane Plaza, Haymarket Sydney",Devonshire St Walkway,2000,NSW,trading,,Bijen Batajoo,0403 240 642,0,1,0,0DTD,36.05
3410,FSDT-Single,69-73 Cobra St,Dubbo,2830,NSW,Trading,+61 2 68843388,David Wells,0436 415 028,0,1,2,2DTDD,36.05
8470,FSDT-Single,236 New Line Road,Dural,2158,NSW,Trading,+61 2 9651 4963,Jodie Townley,0402 982 081,0,0,1,1DT,36.05
3304,Co-Brand-Single,Cnr of Camden Valley Way and Ardennes Avenue,Edmondson Park,2174,NSW,Trading,+61 2 8729 8375,Sean Pimenta,0410 717 544,1,0,2,2DTD,36.05
3490,,1260 Princes Hwy,Engadine,2233,NSW,,,,,0,1,,1DTD,36.05
3436,FSDT-Single,Princess Hwy & Mt Ousley Rd ,Fairy Meadow,2519,NSW,Trading,+61 2 4225 7684,Nitin Mittal,0433 636 924,0,1,1,1DT,36.05
3437,FSDT-Single,41-45 Princess Highway,Figtree,2525,NSW,Trading,+61 2 4228 4100,Nitin Mittal,0433 636 924,0,1,1,1DT,36.05
3315,FSDT-Single,"Pad Site 5, Stockland Bulky Goods Centre Cnr The Lakes Way and Angel Close",Forster,2428,NSW,Trading,,Nicole Gilmore,0421 232 536,0,1,1,1DTDD,36.05
3448,FSDT-Single,"389 Lake Road, Stockland Super Market",Glendale,2285,NSW,Trading,+61 2 4954 2964,Jillian Wilson,0401 294 773,0,1,1,1DTDD,36.05
3465,Co-Brand-Single,Cnr Richmond Road &  Stone Street,Glendenning,2761,NSW,Trading,+61 2 9832 2459,David Wells,0436 415 028,0,0,1,1DT,36.05
3417,FSDT-Single,57 Pacific Highway,Gosford West ,2250,NSW,Trading,+61 2 4322 0111,Bijen Batajoo,0403 240 642,0,0,1,1DT,36.05
3498,FSDT-Dual,"434 Auburn Street, Goulburn NSW ",Goulburn,2580,NSW,Trading,+61 2 4816 1778,Mohammed Khan,0433 026 260,0,0,2,2DTD,36.05
3481,FSDT-Single,27 Pacific Highway,Grafton,2350,NSW,Trading,+61 2 6642 2915,Nicole Gilmore,0421 232 536,0,0,1,1DT,36.05
3447,FSDT-Single,Corner Louis St and Woodville Rd,Granville - (10 panel),2142,NSW,Trading,+61 2 9897 9261,Sean Pimenta,0410 717 544,1,0,1,1DT,36.05
3440,Co-Brand-Single,Cnr Cowpasture & Green Valley Roads ,Green Valley,2168,NSW,Trading,+61 2 9826 9527,Ahmed Kawas,0428 883 473,0,0,1,1DT,36.05
3441,Co-Brand-Single,9-11 Roberts Rd East,Greenacre,2190,NSW,Trading,+61 2 9742 1311,Sean Pimenta,0410 717 544,1,0,1,1DT,36.05
8467,DT-Single,49 Jondaryan Road,Griffith,2680,NSW,Trading,+61 2 6962 7418,Jodie Townley,0402 982 081,0,0,1,1DT,36.05
8440,Co-Brand,Cnr Mount & Middle Streets,Gundagai,2722,NSW,Trading,+61 2 6944 3422,Jodie Townley,0402 982 081,0,0,0,0DT,36.05
3487,FSDT-Dual,10 Macquarie Place,Haywards Bay,2530,NSW,Trading,+61 2 4256 2451,Nitin Mittal,0433 636 924,0,1,2,2DT,36.05
3466,FSDT-Single,Hoxton Park Road & Cowpasture Road,Hoxton Park,2171,NSW,Trading,+61 2 9608 5493,Nitin Mittal,0433 636 924,0,0,1,1DT,36.05
3496,Co-Brand-Single,"89 Williamson Road, Ingleburn",Ingleburn,2565,NSW,Trading,+61 2 9618 0909,Nitin Mittal,0433 636 924,0,0,1,1DTDD,36.05
3469,FSDT-Single,11 Blue Gum Road,Jesmond,2299,NSW,Trading,+61 2 4951 7391,Jillian Wilson,0401 294 773,0,1,1,1DT,36.05
3311,Inline,"7 / 111 Darlinghurst Road, Potts Point",Kings Cross,2011,NSW,Trading,,Bijen Batajoo,0403 240 642,0,1,0,0DTD,36.05
3450,FSDT-Single,Cnr Parker & Copeland Streets,Kingswood,2747,NSW,Trading,+61 2 4721 3206,David Wells,0436 415 028,0,0,1,1DT,36.05
3306,FSDT-Single,"Lake Haven Business Park, Bannister Drive",Lake Haven,2263,NSW,Trading,  61 2 4307 1643?,Bijen Batajoo,0403 240 642,0,1,2,2DTD,36.05
3424,FSDT-Single,101 Hollylea Road,Leumeah,2560,NSW,Trading,+61 2 4627 0699,Nitin Mittal,0433 636 924,0,0,1,1DT,36.05
3303,FSDT,"2 Stewart Street, Bowenfels",Lithgow,2790,NSW,Trading,,David Wells,0436 415 028,0,0,1,1DTDD,36.05
3406,FSDT-Single,Corner New England Hwy & Johnson St.,Maitland,2320,NSW,Trading,+61 2 4932 5627,Jillian Wilson,0401 294 773,0,1,2,2DTDD,36.05
3403,Co-Brand-Single,"BP Service Centre (Northbound), Hume Hwy.",Marulan Northbound,2579,NSW,Trading,+61 2 4816 9713,Mohammed Khan,0433 026 260,0,0,1,1DTD,36.05
3404,Co-Brand-Single,"BP Service Centre (Southbound), Hume Hwy.",Marulan Southbound,2579,NSW,Trading,+61 2 4841 1933,Mohammed Khan,0433 026 260,0,0,1,1DTD,36.05
3428,FSDT-Single,Corner John Hine Drive & Gt Western Hwy,Minchinbury,2770,NSW,Trading,+61 2 9677 9200,David Wells,0436 415 028,0,0,1,1DT,36.05
3449,FSDT-Single,Cnr Brookfield Rd & Pembroke Rd,Minto,2566,NSW,Trading,+61 2 9824 5277,Nitin Mittal,0433 636 924,0,0,1,1DT,36.05
3419,FSDT-Single,88 Mona Vale Rd,Mona Vale,2103,NSW,Trading,+61 2 9999 6299,Bijen Batajoo,0403 240 642,0,0,1,1DTD,36.05
3414,FSDT-Single,15-17  Main St,Mt. Annan,2567,NSW,Trading,+61 2 4647 8905,Nitin Mittal,0433 636 924,0,0,1,1DT,36.05
3485,FSDT-Single,113 Bridge Street,Muswellbrook,2333,NSW,Trading,+61 2 6541 5920,Jillian Wilson,0401 294 773,0,0,1,1DT,36.05
3411,Co-Brand-Single,Cnr Camden Valley Way & Grahams Hill Rd ,Narellan,2567,NSW,Trading,+61 2 4647 6143,Nitin Mittal,0433 636 924,0,0,1,1DT,36.05
3451,FSDT-Single,2 Windsor Rd,North Parramatta,2151,NSW,Trading,+61 2 9683 4176,Ahmed Kawas,0428 883 473,0,0,1,1DT,36.05
3484,Inline,67-69 Mount Street,North Sydney,2060,NSW,Trading,+ 61 2 84567115,Bijen Batajoo,0403 240 642,0,0,0,0DT,36.05
3421,FSDT-Single,10-20 Bathurst Road,Orange,2800,NSW,Trading,+61 2 6361 3333,David Wells,0436 415 028,0,0,1,1DT,36.05
8428,DT-Single,1190 Old Windsor Road,Parklea,2278,NSW,Trading,+61 2 8824 4177,Jodie Townley,0402 982 081,0,0,1,1DT,36.05
3462,Inline,"Shop 5058B, Food Court Westfield Parramatta ",Parramatta (Westfield's),2150,NSW,Trading,+61 2 9635 1730,Ahmed Kawas,0428 883 473,0,0,0,0DT,36.05
3435,FSDT-Single,"Corner Blaiki Street & Mulgoa Road, Jamisontown",Penrith,2750,NSW,Trading,+61 2 4733 4681,David Wells,0436 415 028,0,0,1,1DT,36.05
3301,Inline,Cnr Pitt & Park Street Sydney NSW 2000,Pitt & Park St,2000,NSW,Trading,+61 2 8252 6538,Bijen Batajoo,0403 240 642,0,0,0,0DTD,36.05
3493,FSDT-Single,"112 Gordon Street, ?PORT MACQUARIE NSW ",Port Macquarie,2444,NSW,Trading,+61 2 6583 3544,Nicole Gilmore,0421 232 536,0,0,1,1DTD,36.05
3459,FSDT-Single,Cnr Masonite Rd & Pacific Hwy,Raymond Terrace (10 panel),2324,NSW,Trading,+61 2 4983 1182,Jillian Wilson,0401 294 773,0,1,1,1DT,36.05
8472,FSDT-Single,3/1 Resolution Place ,Rouse Hill (2 sets wide),2155,NSW,Trading,+61 2 8814 6599,Jodie Townley,0402 982 081,0,0,1,1DT,36.05
3431,Inline,Cnr Waterloo & Herring Roads ,Ryde,2112,NSW,Trading,+61 2 9878 0837,Bijen Batajoo,0403 240 642,0,0,0,0DT,36.05
8425,DT-Single,396-412 Princes Highway,Saint Peters,2044,NSW,Trading,+61 2 9557 4833,Jodie Townley,0402 982 081,1,0,1,1DT,36.05
8417,DT-Single,"40 Abbott Road,",Seven Hill,2147,NSW,Trading,+61 2 9838 0841,Jodie Townley,0402 982 081,0,0,1,1DT,36.05
3433,FSDT-Single,1 Range Road,Shellharbour,2529,NSW,Trading,+61 2 4297 2799,Nitin Mittal,0433 636 924,0,1,1,1DT,36.05
3489,FSDT-Dual,212 Maitland Road,Singleton,2330,NSW,Trading,+61 2 6572 4269,Jillian Wilson,0401 294 773,0,1,2,2DT,36.05
3439,FSDT,Cnr Cumberland Hwy & Robert St,Smithfield NSW (10 panel),2164,NSW,Trading,+61 2 9609 6352,Sean Pimenta,0410 717 544,0,0,1,1DT,36.05
3499,Co-Brand-Single,399 Pacific Highway South Coffs Harbour NSW ,South Coffs Harbour,2450,NSW,Trading,61 2564 56147,Nicole Gilmore,0421 232 536,0,0,1,1DTD,36.05
3494,FSDT-Single,190 Princes Highway SOUTH NOWRA,South Nowra,2541,NSW,Trading,+61 475 412 488,Nitin Mittal,0433 636 924,0,1,2,2DTD,36.05
8444,DT-Single,115-117 Mamre Road,St Marys,2760,NSW,Trading,+61 2 9673 0500,Jodie Townley,0402 982 081,0,0,1,1DT,36.05
3457,Inline,"505 George St, Sydney",Sydney (505 George St),2000,NSW,Trading,+61 2 9624 0590,Bijen Batajoo,0403 240 642,0,0,0,0DTD,36.05
9400,Inline,"Shop 8, Qantas Domestic Terminal",Sydney (domestic) temp closed,2020,NSW,Temp Closure,+61 2 9700 7690,Jodie Townley,0402 982 081,0,0,0,0DT,36.05
8448,Inline,Sydney International Terminal,Sydney (Int Airport),2020,NSW,Temp Closure,+61 2 9693 2543,Jodie Townley,0402 982 081,0,0,0,0DTD,36.05
3463,FSDT-Single,163 Port Hacking Road,Sylvania (10 panel),2224,NSW,Trading,+61 2 9544 6368,Nitin Mittal,0433 636 924,0,0,1,1DT,36.05
3473,FSDT-Single,561 Peel Street,Tamworth (10 panel),2340,NSW,Trading,+61 2 6766 3553,Nicole Gilmore,0421 232 536,0,0,1,1DT,36.05
3427,FSDT-Single,Corner Manning and Wynter Street,Taree,2430,NSW,Trading,+61 2 6551 8808,Nicole Gilmore,0421 232 536,0,0,1,1DT,36.05
3471,FSDT-Single,Lot 6 Anzac Road,Tuggerah,2259,NSW,Trading,+61 2 4353 9955,Bijen Batajoo,0403 240 642,0,0,1,1DT,36.05
3495,FSDT-Single,"Mingara Recreation Complex, Wyomg Road + Mingara Drive",Tumbi Umbi,2261,NSW,Trading,+61 2 4312 6755,Bijen Batajoo,0403 240 642,0,1,1,1DTD,36.05
3573,FSDT-Single,"Shop 52, Whitsunday S/C, 226 Shute Harbour Rd",Airlie Beach,4802,QLD North,Trading,+61 7 4946 0249,Brad Tobin,0404 085 419,0,0,,1DT,26.48
3453,FSDT-Single,Cnr Woodville Road and Fairfield St,Villawood (Guildford),2161,NSW,Trading,+61 2 9755 9318,Ahmed Kawas,0428 883 473,1,0,1,1DT,36.05
8408,DT-Single,Lot 3 Hammond Avenue,Wagga Wagga,2650,NSW,Trading,+61 2 69217944,Jodie Townley,0402 982 081,0,1,1,1DT,36.05
3422,FSDT-Single,Corner Hume Hwy & Sappho Road,Warwick Farm,2170,NSW,Trading,+61 2 9824 0450,Sean Pimenta,0410 717 544,1,0,1,1DT,36.05
3442,Co-Brand,867 South Dowling Street,Waterloo (Moore Park),2021,NSW,Trading,+61 2 9663 5758,Bijen Batajoo,0403 240 642,0,0,0,0DT,36.05
8471,DT-Single,343-347 Great Western Hwy ,Wentworthville,2145,NSW,Trading,+61 2 9636 9042,Jodie Townley,0402 982 081,0,0,1,1DT,36.05
3461,FSDT-Single,24-42 King Georges Road,Wiley Park (10 panel),2195,NSW,Trading,+61 2 9758 9454,Sean Pimenta,0410 717 544,1,0,1,1DT,36.05
3467,FSDT-Single,Cnr Pacific Hwy & Renwick St,Wyoming (10 panel),2250,NSW,Trading,+61 2 4661 3895,Bijen Batajoo,0403 240 642,0,0,1,1DT,36.05
3600,FSDT-Single,Corner Bradshaw Tce. & Trower Rd.,Darwin (Casuarina),810,NT,Trading,+61 8 8945 0340,Nancy Sapra,0424 951 821,0,0,,,25.82
3601,FSDT-Single,45 Stuart Highway,Alice Springs,839,NT,Trading,+61 8 8953 1377,Nancy Sapra,0424 951 821,0,0,,,25.82
3602,FSDT-Single,1 Maluka Street,Palmerston,830,NT,Trading,+61 8 8931 3851,Nancy Sapra,0424 951 821,0,0,,,25.82
3603,DT-Single,Cnr Smith St + Darley Road,Darwin (Smith Street),800,NT,Trading,+61 8 8911 0010,Nancy Sapra,0424 951 821,0,0,,,25.82
3604,DT-Dual,425 Stuart Highway Coolalinga ,Coolalinga,839,NT,Trading,+61 8 8911 0015,Nancy Sapra,0424 951 821,0,0,,,25.82
8600,Inline,"1 Henry Wrigley Dr, Eaton NT 0821",Darwin Airport,810,NT,Temp Closure,+61 8 9828 1244,Jodie Townley,0402 982 081,0,0,,,27.04
3653,FSDT-Single,12 ? 16 Keong Road Albany Creek QLD ,Albany Creek,4035,QLD South,Trading,+61 7 3112 7157,Adam Bishop,0413 149 399,0,0,,1DTD,25.82
3509,FSDT-Single,Cnr Finucane Road & Cambridge St.,Alexandra Hills,4161,QLD South,Trading,+61 7 3824 4533,Adam Bishop,0413 149 399,0,0,,1DT,25.82
3514,FSDT-Single,1939 Beaudesert Rd,Algester,4115,QLD South,Trading,+61 7 3273 6041,Adam Harper,0430 539 915,0,0,,1DT,25.82
3544,FSDT-Single,Annandale S/C Cnr University Rd & Macarthur Dve,Annandale (Townsville),4814,QLD North,Trading,+61 7 4755 0111,Brad Tobin,0404 085 419,0,0,,1DT,26.48
3521,FSDT-Single,564 - 574 Ipswich Road,Annerley,4103,QLD South,Trading,+61 7 3892 2827,Bianca Falk,0438 292 395,0,0,,1DT,25.82
3507,FSDT-Single,12 Patricks Road,Arana Hills,4054,QLD South,Trading,+61 7 3351 3299,Adam Harper,0430 539 915,0,0,,1DT,25.82
3518,FSDT-Single,153-155 Cotlew Street,Ashmore,4214,QLD South,Trading,+61 7 3382 0227,Cameron Marsh,0433 319 419,0,0,,1DT,25.82
3659,DT-Single,1401 Gympie Rd,Aspley,4034,QLD South,Trading,+61 7 3263 5962,Adam Bishop,0413 149 399,0,0,,1DT,25.82
3589,Co-Brand-Single,"Shop T06, Brisbane Airport service centre, Moreton Drive, Brisbane airport QLD ",BAC,4008,QLD South,Trading,+61 7 3119 2593,Christina Flynn,0414 073 703,0,0,,1DT,25.82
3477,FSDT-Single,Cnr Bangalow Rd & Kerr Street,Ballina,2478,QLD South,Trading,+61 2 6686 9124,Mick Yeo,0408 881 146,0,1,,1DT,25.82
3568,FSDT-Single,155-161 Brisbane Street,Beaudesert,4285,QLD South,Trading,+61 7 5541 0177,Mick Yeo,0408 881 146,0,0,,1DT,25.82
3651,FSDT-Dual,151 George St Beenleigh QLD ,Beenleigh,4207,QLD South,Trading,+61 7 5539 5400,Cameron Marsh,0433 319 419,0,0,,2DTD,25.82
8510,Inline,Gold Coast Airport - Eastern Avenue,Bilinga (Gold Coast Airport),4225,QLD,Temp Closure,+61 7 5599 5527,Jodie Townley,0402 982 081,0,0,,0DT,27.67
3585,FSDT-Single,"2105 Sangate Road Boondall, Qld ",Boondall,4034,QLD South,Trading,+61 7 3865 3550,Christina Flynn,0414 073 703,0,0,,1DT,25.82
3500,FSDT-Single,213 Brisbane Road,Booval (Ipswich),4307,QLD South,Trading,+61 7 3282 2262,Debra Hayes,0415 939 412,0,0,,1DT,25.82
3598,FSDT-Dual,"145 Pine Mountain Road, Brassall? QLD ",Brassall,4305,QLD South,Trading ,?+ 61 7 3201 8198,Bianca Falk,0438 292 395,0,0,,2DTD,25.82
3531,Inline,129 Queen Street (Beak House),Brisbane (Beakhouse),4000,QLD South,Trading,+61 7 3221 6560,Debra Hayes,0415 939 412,0,0,,0DTD,25.82
3534,Inline,"Shop F104, Grand Plaza S/C, 27-49 Browns Plains Road",Browns Plains (Grand Plaza) Temporary closed,4118,QLD South,Temp Closure,+61 7 3800 5151,Debra Hayes,0430 539 915,0,0,,,25.82
3516,FSDT-Single,8 Browns Plains Road (Westpoint),Browns Plains (Westpoint),4118,QLD South,Trading,+61 7 3809 3711,Debra Hayes,0430 539 915,0,0,,1DT,26.39
3650,DT-Dual,140 Point Cartwright Dr Buddina QLD ,Buddina,4575,QLD North,Trading,+61 7 5302 6845,Sarah Taylor,0423 018 633,0,0,,2DTDD,25.82
3547,FSDT-Single,51-53 Takalvan Street,Bundaberg,4670,QLD North,Trading,+61 7 4154 3540,Suzanne Ewart,0434 272 661,0,0,,1DT,25.82
3533,FSDT-Single,"Burleigh West S/C, 149 West Burleigh Road",Burleigh West,4220,QLD South,Trading,+61 7 5576 7410,Mick Yeo,0408 881 146,0,0,,1DT,25.82
3593,DT-Single,"157-159 Station Road, Burpengary",Burpengary,4505,QLD North,Trading,+61 7 3888 5093,Andy Larsson,0439 514 736,0,0,,1DT,25.82
9500,Drive Thru,"Airport Ave Cairns City QLD, Queensland ",Cairns - New Wing (Airport),4870,QLD,Trading,+61 7 4035 9496,Jodie Townley,0402 982 081,0,0,,0DT,25.82
3542,FSDT-Single,Corner Bruce Hway & Foster Road,Cairns (Mt Sheridan),4868,QLD North,Trading,+61 7 4036 0499,Andy Larsson,0439 514 736,0,0,,1DT,26.5
3512,FSDT,"Westcourt Plaza, 274-302 Mulgrave Road",Cairns (Westcourt),4870,QLD North,Trading,+61 7 4031 1885,Andy Larsson,0439 514 736,0,0,,2DTDD,26.5
3563,Inline,"Shop FC07 Cairns Central S/C, 1-21 McLeod Street",Cairns Central,4870,QLD North,Trading,+61 7 4051 3698,Andy Larsson,0439 514 736,0,0,,0DT,26.48
3575,DT-Single,53 Caloundra Road,Caloundra West,4551,QLD North,Trading,+61 7 5437 0195,Sarah Taylor,0423 018 633,0,0,,1DT,25.82
3532,FSDT-Single,"Cannon Hill S/C, Cnr Creek Road & Wynnum Road",Cannon Hill,4170,QLD South,Trading,+61 7 3899 0162,Adam Bishop,0413 149 399,0,0,,1DTD,25.82
3539,Co-Brand-Single,1760 Gympie Road,Carseldine,4034,QLD South,Trading,+61 7 3862 7688,Adam Bishop,0413 149 399,0,0,,1DTD,25.82
3582,Co-Brand-Single, 4249 Bruce Highway (Glasshouse Nth),Coochin Creek (Glasshouse Nth),4518,QLD North,Trading,+61 7 5438 1508,Sarah Taylor,0423 018 633,0,0,,1DT,25.82
3581,Co-Brand-Single,4288 Bruce Highway (Glasshouse Sth),Coochin Creek (Glasshouse Sth),4518,QLD North,Trading,+61 7 5438 7508,Sarah Taylor,0423 018 633,0,0,,1DT,25.82
3562,DT-Single,"19 Kessels Road, Coopers Plains  QLD  ",Coopers Plains,4108,QLD South,Trading,+61 7 3277 8473,Bianca Falk,0438 292 395,0,0,,1DT,25.82
3557,Co-Brand-Single,Cnr Cunningham and Brayton Street,Dalby,4405,QLD South,Trading,+61 7 4669 6274,Mick Yeo,0408 881 146,0,0,,1DT,25.82
3660,FSDT-Single,11 Depot Road Deagon QLD ,Deagon,4017,QLD South,Trading,+61 7 3869 0657,Christina Flynn,0414 073 703,0,0,,1DTD,25.82
3587,FSDT-Single,"Shop P1, Deception Bay shopping centre, Cnr Deception Bay Rd & Bay Avenue QLD ",Deception Bay,4508,QLD South,Trading,+61 7 3293 4755,Christina Flynn,0414 073 703,0,0,,1DT,25.82
3594,DT-Single,"1 Deeragun Village Shopping centre, 31 Geaney Lane",Deeragun,4818,QLD North,Trading,+61 7 4751 5811,Brad Tobin,0404 085 419,0,0,,1DT,26.48
3550,FSDT-Single,Corner Dawson Highway & Blain Drive,Gladstone,4630,QLD North,Trading,+61 7 4972 1288,Suzanne Ewart,0434 272 661,0,0,,1DT,25.9
3564,FSDT-Single,Cnr. Queen St & Cunningham Hwy,Goodna,4300,QLD South,Trading,+61 7 3288 5167,Debra Hayes,0415 939 412,0,0,,1DT,26.39
3595,DT-Dual,Cnr  Rose Street and Bruce Hwy,Gympie,4570,QLD North,Trading,+61 7 5482 5933,Sarah Taylor,0423 018 633,0,0,,2DT,25.82
3597,Co-Brand-Single,"Tenancy T1, 2306-2312 Warrego Highway, Haigslea  ",Haigslea,4306,QLD South,Trading,? + 61 7 5464 4330,Mick Yeo,0408 881 146,0,0,,1DTD,25.82
3590,FSDT-Single,"2 Siganto Drive, Helensvale QLD ",Helensvale,4212,QLD South,Trading,+61 7 5502 3055,Mick Yeo,0408 881 146,0,0,,1DT,25.82
3545,Co-Brand-Single,50 Bowen Bridge Road ,Herston,4006,QLD South,Trading,+61 7 3852 1887,Christina Flynn,0414 073 703,0,0,,1DT,25.82
3565,FSDT-Single,Corner Boat Harbour Dr and Main St,Hervey Bay,4655,QLD North,Trading,+61 7 4191 4903,Suzanne Ewart,0434 272 661,0,0,,1DT,25.82
3556,Inline,Shop F6 Hinkler Shopping Centre,Hinkler,4670,QLD North,Trading,+61 7 4151 0696,Suzanne Ewart,0434 272 661,0,0,,0DT,25.9
3586,Co-Brand-Single,100 Edith Street,Innisfail,4860,QLD North,Trading,+61 7 4061 9033,Andy Larsson,0439 514 736,0,0,,1DT,25.82
3580,FSDT-Single,1385 Anzac Avenue ,Kallangur ,4503,QLD South,Trading,+61 7 3482 3002,Adam Bishop,0413 149 399,0,0,,1DT,25.82
3526,FSDT-Single,330 Gympie Road,Kedron,4032,QLD South,Trading,+61 7 3350 2509,Christina Flynn,0414 073 703,0,0,,1DT,25.82
3577,FSDT-Tandem,577 Settlement Road,Keperra,4054,QLD South,Trading,+61 7 3351 7037,Adam Harper,0430 539 915,0,0,,2DT,25.82
3501,FSDT-Single,286-290 Anzac Avenue,Kippa-Ring,4020,QLD South,Trading,+61 7 3284 8286,Christina Flynn,0414 073 703,0,0,,1DT,25.82
3511,FSDT-Single,"Willows Shoppingtown 13 Thuringowa Dr, Thuringowa Central QLD ",Kirwan (Willows),4817,QLD North,Trading,+61 7 4723 1388,Brad Tobin,0404 085 419,0,0,,2DTDD,27.04
3505,FSDT-Single,148 Brisbane Road,Labrador,4215,QLD,Trading,+61 7 5537 2966,Jodie Townley,0402 982 081,0,1,,1DT,25.82
3312,FSDT-Single,48-52 Ballina Street,Lismore,2480,QLD South,Trading,+61 2 66224306,Mick Yeo,0408 881 146,0,1,,1DT,27.68
3517,FSDT-Single,3812 Pacific Highway,Loganholme,4129,QLD South,Trading,+61 7 3801 3801,Cameron Marsh,0430 539 915,0,0,,1DT,26.39
3515,FSDT-Single,4-6 Peel Street,Mackay,4740,QLD North,Trading,+61 7 4957 3300,Brad Tobin,0404 085 419,0,0,,1DT,26.48
3664,FSDT,"10 Eimeo Road, Rural View, QLD",Mackay Northern Beaches,4740,QLD North,Trading,,Brad Tobin,0404 085 419,0,1,,2DTDD,
3591,FSDT-Dual,"1859 Anzac Ave, Mango Hill",Mango Hill,4509,QLD South,Trading,+61 7 3204 2266,Christina Flynn,0414 073 703,0,0,,2DT,25.82
3506,FSDT-Dual,10 Horton Parade,Maroochydore,4558,QLD North,Trading,+61 7 5443 6829,Sarah Taylor,0423 018 633,0,0,,2DTDD,25.82
3555,Drive Thru,Shop GD273 Sunshine Plaza,Maroochydore (Sunshine Plaza),4558,QLD North,Trading,+61 7 5451 1845,Sarah Taylor,0423 018 633,0,0,,0DT,25.82
3596,FSDT-Single,"36-44 Chamber Flat Road, Marsden QLD ",Marsden,4132,QLD South,Trading,+61 7 3200 7599,Cameron Marsh,0433 319 419,0,0,,1DTD,25.82
3552,FSDT-Single,Corner Alice & Ferry Streets,Maryborough,4650,QLD North,Trading,+61 7 4121 5770,Suzanne Ewart,0434 272 661,0,0,,1DT,26.48
3576,Co-Brand-Single,Cnr Loganlea Road & University Drive,Meadowbrook,4131,QLD South,Trading,+61 7 3200 2758,Cameron Marsh,0433 319 419,0,0,,1DT,25.82
3551,FSDT-Single,Corner Bermuda St & Hooker Blvd (Lakeview),Mermaid Waters (Lakeview),4218,QLD South,Trading,+61 7 5526 6082,Mick Yeo,0408 881 146,0,0,,1DT,25.82
3541,FSDT-Single,1-11 Deveraux Dr,Morayfield,4506,QLD North,Trading,+61 7 5428 3700,Andy Larsson,0439 514 736,0,0,,1DT,25.82
3559,Inline,Morafield F/C Morayfield S/C 171 Morayfield Rd ,Morayfield Plaza,4506,QLD North,Trading,+61 7 3208 4611,Andy Larsson,0439 514 736,0,0,,0DT,25.82
8515,DT-Single,"27-29 Corbould Street,?MT ISA ?QLD ",Mt Isa,4825,QLD,Trading,+61 7 5531 2388,Jodie Townley,0402 982 081,0,0,,1DT,25.82
3570,Inline,"Shop 1032 - Lower Level, Garden City S/C, Cnr Logan & Kessels Road",Mt. Gravatt (Garden City),4122,QLD South,Trading,+61 7 3219 4282,Adam Harper,0430 539 915,0,0,,0DT,26.39
3522,FSDT-Single,171 Dandenong Road,Mt. Ommaney,4074,QLD South,Trading,+61 7 3279 1181,Bianca Falk,0438 292 395,0,0,,1DT,25.82
3538,Co-Brand-Single,196-206 Highfield Drive,Mudgeeraba,4213,QLD South,Trading,+61 7 5525 2688,Mick Yeo,0408 881 146,0,0,,1DTDD,25.82
3661,FSDT,"20 Mitchell Street, Nambour QLD ",Nambour,4560,QLD North,Trading,,Sarah Taylor,0423 018 633,0,1,,2DTDD,
8505,DT-Single,Lot 24 Pappas Way,Nerang,4211,QLD,Trading,+61 7 5596 4844,Jodie Townley,0402 982 081,0,0,,1DTDD,25.82
3549,Co-Brand-Single,Cnr Bruce Hwy & Highway Plaza,Nth Mackay,4740,QLD North,Trading,+61 7 4942 9788,Brad Tobin,0404 085 419,0,0,,1DT,25.82
8516,FSDT,49 Eggersdorf Road,Ormeau,4208,QLD,Trading,,Jodie Townley,0402 982 081,0,0,,1DTDD,
3558,FSDT-Single,Cnr Old Pacific Hwy & Oxenford-Southport Rd,Oxenford ,4210,QLD South,Trading,+61 7 5665 8155,Cameron Marsh,0433 319 419,0,0,,1DT,25.82
3652,FSDT-Dual,"Pimpama District Centre, 102 Pimpama-Jacobs Well Rd QLD",Pimpama,4209,QLD South,Trading,? + 61 7 5677 0895,Cameron Marsh,0433 319 419,0,0,,2DTD,25.82
3571,Co-Brand-Single,4414 Warrego Highway,Plainland,4341,QLD South,Trading,+61 7 5575 8680,Mick Yeo,0408 881 146,0,0,,1DT,25.82
3599,FSDT-Dual,"411 Redbank Plains Road Redbank Plains, ",Redbank Plains,4301,QLD South,Trading,+61 7 3463 8062,Debra Hayes,0415 939 412,0,0,,2DTD,26.39
3592,FSDT-Single,"209 Garden Road, Richlands Qld ",Richlands,4077,QLD South,Trading,+61 7 3271 2784,Bianca Falk,0438 292 395,0,0,,1DT,25.82
3508,FSDT-Single,1 High Street,Rockhampton North,4701,QLD North,Trading,+61 7 4926 1533,Suzanne Ewart,0434 272 661,0,0,,1DT,25.82
3578,FSDT-Tandem,160-166 George Street ,Rockhampton South,4701,QLD North,Trading,+61 7 4921 2385,Suzanne Ewart,0434 272 661,0,0,,2DT,25.82
3537,Co-Brand-Single,Cnr Beatty & Granard Roads,Rocklea,4106,QLD South,Trading,+61 7 3272 7512,Bianca Falk,0438 292 395,0,0,,1DT,25.82
3543,FSDT-Single,Lot 80 Mt Milman Dve,Smithfield (Cairns),4878,QLD North,Trading,+61 7 4038 2311,Andy Larsson,0439 514 736,0,0,,1DTD,25.82
8443,,116 Minjungbal Dr,South Tweed Heads,,QLD South,,,,,0,0,,1DT,
8514,Co-Brand-Single,34 Ferry road southport QLD ,Southport,4215,QLD,Trading,+61 7 5531 2388,Jodie Townley,0402 982 081,0,0,,1DT,25.82
8504,Inline,Shop 120 (Australia Fair),Southport (Aust Fair),4215,QLD,Temp Closure,+61 7 5571 2277,Jodie Townley,0402 982 081,0,0,,0DT,25.82
3657,FSDT-Dual,15 Commercial Drive  Springfield QLD ,Springfield,4300,QLD South,Trading,,Debra Hayes,0415 939 412,0,1,,2DTDD,26.39
3529,DT-Single,3386 Pacific Highway,Springwood,4127,QLD South,Trading,+61 7 3208 5110,Adam Harper,0430 539 915,0,0,,1DT,26.39
3530,FSDT-Single,388 Gympie Road,Strathpine,4500,QLD South,Trading,+61 7 3205 3696,Adam Bishop,0413 149 399,0,0,,1DT,25.82
3520,Inline,8 Cavill Mall,Surfers Paradise (Cavill Ave),4217,QLD South,Trading,+61 7 5538 6933,Mick Yeo,0408 881 146,0,0,,0DTD,25.82
3527,FSDT-Single,14 Morrow Street,Taringa,4068,QLD South,Trading,+61 7 3371 5135,Bianca Falk,0438 292 395,0,0,,1DT,25.82
3502,FSDT-Single,397 Bridge Street,Toowoomba,4350,QLD South,Trading,+61 7 4633 1464,Mick Yeo,0408 881 146,0,0,,1DTD,25.82
3561,FSDT-Single,Cnr Ruthven St & Alderly St,Toowoomba South,4350,QLD South,Trading,+61 7 4613 5823,Mick Yeo,0408 881 146,0,0,,2DT,25.82
3566,FSDT,"Domain Central, 103-141 Duckworth St",Townsville (Domain),4814,QLD North,Trading,+61 7 4728 7030,Brad Tobin,0404 085 419,0,0,,1DT,25.82
3519,FSDT-Single,Cnr Cross St. & Ross River Rd.,Townsville (Ross River),4812,QLD North,Trading,+61 7 4725 3411,Brad Tobin,0404 085 419,0,0,,1DT,25.82
3540,FSDT-Single,Cnr. Pacific Highway & Toonlona St,Tugun,4224,QLD South,Trading,+61 7 5559 5899,Mick Yeo,0408 881 146,0,0,,1DT,25.82
3579,FSDT-Single,"Grand Shopping Centre, Lot 101-102 Old Coach Road",Upper Coomera,4209,QLD South,Trading,+61 7 5580 1526,Cameron Marsh,0433 319 419,0,0,,1DT,25.82
3584,Co-Brand,"651 Kessels Road, Mt Gravatt Qld",Upper Mt Gravatt,4122,QLD South,Trading,+61 7 3343 6664,Adam Harper,0430 539 915,0,0,,0DT,26.39
3548,FSDT-Single,"Victoria Point Shopping Ctr, 2-34 Bunker Rd",Victoria Point,4165,QLD South,Trading,+61 7 3820 7366,Adam Bishop,0413 149 399,0,0,,1DTD,25.82
3574,FSDT-Dual,Cnr Wood & Albion  Sts,Warwick,4370,QLD South,Trading,+61 7 4661 3895,Mick Yeo,0408 881 146,0,0,,2DT,25.82
3553,DT-Single,242 Brisbane Street West Ipswich QLD ,West Ipswich,4305,QLD South,Trading,+61 7 3463 0948,Debra Hayes,0415 939 412,0,0,,1DTD,26.39
3524,FSDT-Single,38 Wembley Road,Woodridge,4114,QLD South,Trading,+61 7 3299 1231,Adam Harper,0430 539 915,0,0,,1DT,26.39
3560,FSDT-Single,"Wynnum Plaza, Wynnum Road",Wynnum West,4178,QLD South,Trading,  61 7 3396 5054,Adam Bishop,0413 149 399,0,0,,2DT,25.82
3588,DT-Single,"444 warwick Road, Yamanto QLD ",Yamanto,4305,QLD South,Trading, +61 7 3288 6346,Bianca Falk,0438 292 395,0,0,,1DT,26.39
3200,FSDT-Single,12 Anzac Highway,Everard Park (Anzac),5035,SA,Trading,+61 8 8293 1601,Leanne Suchier,0430 142 699,0,0,1,1DT,36.05
3201,FSDT-Single,Cnr Marion & South Roads,Darlington,5047,SA,Trading,+61 8 8926 2553,Tim May,0417 160 188,0,0,1,1DT,36.05
3202,FSDT-Single,Corner Glynburn & Shelley St,Firle,5070,SA,Trading,+61 8 8331 7796,Leanne Suchier,0430 142 699,0,0,2,2DTDD,36.05
3203,FSDT-Single,209 Main North Road,Nailsworth (Sefton Pk),5083,SA,Trading,+61 8 8344 2841,Anita Thompson,0409 857 381,0,0,1,1DT,36.05
3204,FSDT-Single,746 Port Road,Beverley (Woodville),5009,SA,Trading,+61 8 8268 2560,Anita Thompson,0409 857 381,0,0,1,1DT,36.05
3205,FSDT-Single,567 North East Road,Gilles Plains,5086,SA,Trading,+61 8 8261 8008,Anita Thompson,0409 857 381,0,0,1,1DT,36.05
3206,FSDT-Single,Corner Pimpala & Booth Road,Morphett Vale,5162,SA,Trading,+61 8 8382 0007,Tim May,0417 160 188,0,0,1,1DT ,36.05
3207,Inline,Shops 6-10 Rundle St,Adelaide (Rundle St),5000,SA,Trading,+61 8 8223 7271,Leanne Suchier,0430 142 699,0,0,,0DTD,36.05
3208,FSDT-Single,9 Elizabeth Way,Elizabeth,5112,SA,Trading,+61 8 8255 9779,Leigh Reynolds,0402 576 516,0,0,1,1DTD,36.05
3209,FSDT-Single,504 Henley Beach Road,Fulham,5112,SA,Trading,+61 8 8356 3048,Anita Thompson,0409 857 381,0,0,1,1DTD,36.05
3211,FSDT-Single,992 South Road,Edwardstown,5039,SA,Trading,+61 8 8276 6365,Tim May,0417 160 188,0,0,1,1DTD,36.05
3212,FSDT-Single,238 Belair Road,Hawthorn,5115,SA,Trading,+61 8 8271 9828,Leanne Suchier,0430 142 699,0,0,1,1DT,36.05
3213,FSDT-Single,Corner Commercial Road & Park Tce.,Salisbury,5108,SA,Trading,+61 8 8250 7717,Leigh Reynolds,0402 576 516,0,0,1,1DT ,36.05
3215,FSDT-Single,Cnr Grand Junction & Port Rd,Port Adelaide,5015,SA,Trading,+61 8 8341 1433,Anita Thompson,0409 857 381,0,0,1, 1DT ,36.05
3217,FSDT-Single,Cnr Main South & Peneys Hill Rds.,Hackham,5163,SA,Trading,+61 8 8326 2006,Tim May,0417 160 188,0,0,1, 1DT ,36.05
3218,FSDT-Single,Corner Main & Hannaford Roads,Blackwood,5051,SA,Trading,+61 8 8278 3571,Leanne Suchier,0430 142 699,0,0,1, 1DT ,36.05
3220,FSDT-Single,Cnr Londale/Commercial Roads,Sheidow Park,5158,SA,Trading,+61 8 8322 2399,Tim May,0417 160 188,0,0,1, 1DT,36.05
3221,FSDT-Single,Cnr North East Rd. & Golden Grove Rd.,Ridgehaven,5097,SA,Trading,+61 8 8396 2588,Leanne Suchier,0430 142 699,0,0,1, 1DT,36.05
3222,FSDT-Single,Cnr Jardine St. & Penola Rd.,Mount Gambier,5290,SA,Trading,+61 8 8723 1166,Tim May,0417 160 188,0,0,1,1DTD,36.05
3223,FSDT-Single,"Lot 1038 Golden Way, Golden Grove S/C",Golden Grove,5125,SA,Trading,0428 989 341,Leanne Suchier,0430 142 699,0,0,1,1DT,36.05
3224,FSDT-Dual,"Munno Para S/C, Main North Road",Smithfield SA,5114,SA,Trading,+61 8 8284 0965,Leigh Reynolds,0402 576 516,0,0,2, 2DT,36.05
3226,Co-Brand-Single,Corner West Terrace & Grote St,Adelaide (West Terrace),5000,SA,Trading,+61 8 8410 2468,Leanne Suchier,0430 142 699,0,0,1,1DT,36.05
3227,FSDT-Single,Lot 110 Commercial Road,Seaford,5168,SA,Trading,+61 8 8327 1941,Tim May,0417 160 188,0,0,1, 1DT,36.05
3228,Co-Brand-Single,113 West Lakes Boulevard,West Lakes,5021,SA,Trading,+61 8 8355 0166,Anita Thompson,0409 857 381,0,0,1, 1DT,36.05
3229,FSDT-Single,"Lot 203, 1 Liberator Drive",Paralowie,5108,SA,Trading,+61 8 8280 5566,Leigh Reynolds,0402 576 516,0,0,1, 1DT,36.05
3230,FSDT-Single,Cnr Nicolson Ave. & McDouall Stuart Ave.,Whyalla,5600,SA,Trading,+61 8 8644 0084,Leigh Reynolds,0402 576 516,0,0,1,1DT,36.05
3232,FSDT-Single,"Ingle Farm Shopping Centre, Cnr Walkleys & Montague Rds",Ingle Farm,5098,SA,Trading,+61 8 8264 6428,Anita Thompson,0409 857 381,0,0,1, 1DT,36.05
3234,Co-Brand-Single,Corner Salisbury Hwy  and Elder Smith Rd,Mawson Lakes,5095,SA,Trading,+61 8 8182 3199,Leigh Reynolds,0402 576 516,0,0,1, 1DT,36.05
3235,FSDT-Single,827 & 825 Fifteenth Street,Mildura,3500,SA,Trading,+61  3 5021 1405,Anita Thompson,0409 857 381,0,0,2,2DTDD,36.05
3237,Co-Brand-Dual,"Cnr Marion Rd & Ralph Street, ",West Richmond,5033,SA,Trading,+61 8 8352 3510,Anita Thompson,0409 857 381,0,0,2,2DT ,36.05
3238,Inline,35 Hindley St,Hindley St ,5000,SA,Trading,+61 8 8212 5454,Leanne Suchier,0430 142 699,0,0,,0DT,36.05
3239,FSDT-Single,Corner Main Nth Rd & Tulloch St Evanston,Gawler,5118,SA,Trading,+61 8 8522 6741,Leigh Reynolds,0402 576 516,0,0,1, 1DT,36.05
3240,FSDT-Single,"Cnr Beach Road & Hanna Road, Noarlunga Centre, Noarlunga  SA ",Noarlunga,5168,SA,Trading,+61 8 8186 1466,Tim May,0417 160 188,0,0,1, 1DT,36.05
3241,FSDT-Single,"Cnr Curtis & Grand Road, Munno Parra SA ",Playford Alive,5115,SA,Trading,+61 8 7180 1108,Leigh Reynolds,0402 576 516,0,0,1, 1DT,36.05
3242,DT-Dual,"252 Churchill Road, Prospect, SA, ",Islington,5082,SA,Trading,+61 8 8465 0245,Leanne Suchier,0430 142 699,0,0,2,2DTD ,36.05
3243,FSDT-Dual,Parafield Airport Corner of Kesters Road and Main North Road,Parafield,5096,SA,Trading,+61 8 8250 7033,Leigh Reynolds,0402 576 516,0,0,2, 2DTD,36.05
3244,FSDT-Single,1 Edwards Street SA ,Brighton,5048,SA,Trading,+61 8 8296 0767,Tim May,0417 160 188,0,0,1,1DTD,36.05
3245,FSDT-Single,Corner Hampstead Road and East Parkway Northfield SA ,Lightsview,5085,SA,Trading,+61 8 8125 0105,Leanne Suchier,0430 142 699,0,0,2, 2DTD,36.05
6600,,445 Argent Street,Broken Hill,2880,SA,Trading,,,,0,0,1,1DT,36.05
8203,Inline,Domestic Terminal Food Court,Adelaide (Airport),5000,SA,Temp Closure,+61 8 8308 9211,Jodie Townley,0402 982 081,0,0,,?,36.05
8205,Co-Brand-Single,11 Vater Street,Dry Creek,5094,SA,Trading,+61 8 8162 9485,Jodie Townley,0402 982 081,0,0,1, 1DT ,36.05
8206,Co-Brand-Single,411 Glen Osmond Road,Glen Osmond,5064,SA,Trading,+61 8 8379 0599,Jodie Townley,0402 982 081,0,0,1, 1DT,36.05
8207,DT-Single,32 Main road,Port Pirie,5540,SA,Trading,+61 8 8633 3264,Jodie Townley,0402 982 081,0,0,1, 1DT,36.05
8208,Inline,610 South Road,Angle Park,5010,SA,Trading,+61 8 82448160,Jodie Townley,0402 982 081,0,0,,0DTD,36.05
8209,DT-Single,"11 Barossa Valley Way, Nuriootpa SA ",Nuriootpa,5355,SA,Trading,+61 8 8562 3544,Jodie Townley,0402 982 081,0,0,1, 1DT,36.05
8210,Co-Brand,"35 Eyre Highway, CEDUNA SOUTH AUSTRALIA",Ceduna,5690,SA,Trading,+61 8 8625 3062,Jodie Townley,0402 982 081,0,0,,0DTD,36.05
8211,Co-Brand-Single,"292 Renmark Avenue, ?RENMARK SA",Renmark,5341,SA,Trading,+61 8 8586 4200,Jodie Townley,0402 982 081,0,0,1, 1DT,36.05
8212,DT-Single,"Lot 3 Main South Road, ALDINGA SA ",Aldinga,5173,SA,Trading,+61 8 8556 6212,Jodie Townley,0402 982 081,0,0,1, 1DT ,36.05
8213,Co-Brand-Single,"171-181 Adelaide Road, MURRAY BRIDGE SA",Murray Bridge,5253,SA,Trading,+61 8 8532 1077,Jodie Townley,0402 982 081,0,0,1, 1DT,36.05
8214,Co-Brand-Single,Cnr Augusta Hwy & Northern Power Station Rd,Port Augusta East,5700,SA,Trading,TBC,Jodie Townley,0402 982 081,0,0,1,1DTD,36.05
8215,Co-Brand-Single,Cnr Deviation Road & Smith Street Naracoorte SA ,Naracoorte,5271,SA,Trading,+61 8 8200 5746,Jodie Townley,0402 982 081,0,0,1,1DTD,36.05
8216,Co-Brand,"Corner of Mallee Highway & Dukes Highway, Tailem Bend SA",Motorsport Park (Tailem Bend),5260,SA,Trading,+61 8 8200 5847,Jodie Townley,0402 982 081,0,0,1,1DTD,36.05
3001,Co-Brand-Single,257-261 Elizabeth Street,Hobart,7000,TAS,Trading,+61 3 6231 6344,Nilson Thomas,0430 567 449,0,0,,,25.82
3002,FSDT-Single,424-434 Main Road,Glenorchy,7010,TAS,Trading,+61 3 6272 2408,Nilson Thomas,0430 567 449,0,0,,,25.82
3003,FSDT-Single,1-7 Shamrock Street,South Launceston,7250,TAS,Trading,+61 3 6344 9585,Nilson Thomas,0430 567 449,0,0,,,25.82
3004,FSDT-Single,"Mowbray Market Place, Invermay Road",Mowbray,7248,TAS,Trading,+61 3 6326 5677,Nilson Thomas,0430 567 449,0,0,,,25.82
3005,FSDT-Single,Cnr Steele & William Streets,Devonport,7310,TAS,Trading,+61 3 6424 5088,Nilson Thomas,0430 567 449,0,0,,,25.82
3006,FSDT-Single,158 Davey St,South Hobart,7004,TAS,Trading,+61 3 6224 4023,Nilson Thomas,0430 567 449,0,0,,,25.82
3007,FSDT-Single,58 Channel Highway,Kingston,7050,TAS,Trading,+61 3 6251 1728,Nilson Thomas,0430 567 449,0,0,,,25.82
3008,FSDT-Dual,"10 Mount Street, Burnie  TAS ",Burnie,7320,TAS,Trading,+61 3 6431 9676,Nilson Thomas,0430 567 449,0,0,,2DTD,25.82
8217,Co-Brand-Single,19 Frances Terrace Kadina,Kadina,5554,SA,Trading,TBC,Jodie Townley,0402 982 081,0,0,,0DTD,36.05
8218,FSDT,20 Hallet Place ,Port Lincoln,5606,SA,Trading,TBC,Jodie Townley,0419 977 149,0,0,1,1DTDD,36.05
5311,FSDT-Single,"1 Little Burwood Hwy, Wantirna South VIC ",Wantirna South (Knox),3152,VIC,Trading,+61 3 9800 2702,Bosco D'Souza,0400 045 697,0,0,,1DT,25.82
5320,FSDT-Single,151 Plenty Road,Bundoora,3083,VIC,Trading,+61 3 9467 7025,Leslie Banwell,0434 116 146,0,0,,1DT,25.82
5302,FSDT-Single,456 Melbourne Road,Geelong,3220,VIC,Trading,+61 3 5278 5551,Rebecca Ormond ,401882992,0,0,,,25.82
5304,FSDT-Single,427 Ballarat Road,Sunshine,3020,VIC,Trading,+61 39311 4685,Andrew Webb,0400 733 817,0,0,,,27.04
5308,FSDT-Single,3 Heatherdale Road,Ringwood,3134,VIC,Trading,+61 3 98706932,Megan Medhurst,0432 251 981,0,0,,,25.82
5309,FSDT-Single,1414 Dandenong Road,Oakleigh,3166,VIC,Trading,+61 3 9568 6639,Bosco D'Souza,0400 045 697,0,0,,,25.82
5310,FSDT-Single,Corner Canterbury Road & Bennett St.,Forest Hill,3131,VIC,Trading,+61 3 9877 6840,Megan Medhurst,0432 251 981,0,0,,,25.82
5321,FSDT-Single,"Bulleen Village S/C: 15-17 Manningham Road, Bulleen  VIC  ",Bulleen,3105,VIC,Trading,+61 3 9852 0267,Bosco D'Souza,0400 045 697,0,0,,2DT,25.82
5312,FSDT-Dual,Corner Hume Hwy. & Camp Road,Campbellfield (Fawkner),3060,VIC,Trading,+61 3 9357 3070,Kapil Kurdia,0403 650 068,1,0,,2DTDD,28.78
5313,FSDT-Single,148 Watton Street,Werribee,3030,VIC,Trading,+61 3 8742 3967,Andrew Webb,0400 733 817,0,0,,,27.04
5318,FSDT-Single,Cnr Taylors Rd. & Arthur St.,Keilor Downs,3038,VIC,Trading,+61 3 9364 1614,Nicole Phillips,0421 861 696,0,0,,,25.82
5348,FSDT-Single,Cnr High St and Cooper St,Epping,3076,VIC,Trading,+61 3 9401 3407,Leslie Banwell,0434 116 146,0,0,,1DT,25.82
5352,FSDT-Single,100 Hall Road,Carrum Downs,3201,VIC,Trading,+61 3 9782 8937,Patrick Amante,0413 236 733,0,0,,1DT,26.39
5323,FSDT-Single,417 Geelong Road,Footscray,3011,VIC,Trading,+61 3 9314 1304,Nilson Thomas,0430 567 449,0,0,,,25.82
5325,Inline,Corner Bourke & Russell Street,Melbourne (Michael's),3000,VIC,Temp Closure,+61 3 9663 7193,Nicole Phillips,0421 861 696,0,0,,,25.96
5328,FSDT-Single,885 Nepean Highway,Mornington,3931,VIC,Trading,+61 3 5975 7677,Patrick Amante,0413 236 733,0,0,,,26.39
5332,FSDT-Single,593 - 605 Dorset Road,Croydon,3136,VIC,Trading,+61 3 9761 4921,Megan Medhurst,0432 251 981,0,0,,,25.82
5334,FSDT-Single,10 Springvale Road,Springvale,3171,VIC,Trading,+61 3 9546 0667,Bosco D'Souza,0400 045 697,0,0,,,25.82
5337,FSDT-Single,330 Cranbourne Road Frankston Melbourne 3199,Frankston (Karingal),3199,VIC,Trading,+61 3 9776 7434,Patrick Amante,0413 236 733,0,0,,,26.39
5338,Co-Brand-Single,Corner Kingsway & Moore Street,S. Melbourne (Kingsway),3205,VIC,Trading,+61 3 9645 7369,Nicole Phillips,0421 861 696,0,0,,,25.96
5339,FSDT-Single,Corner Victoria & Princess St.,Ballarat,3350,VIC,Trading,+61 3 5333 4740,Nicole Phillips,0421 861 696,0,0,,,25.82
5340,Co-Brand-Single,"Cnr Gatehouse & Smithfield Rds,",Flemington,3031,VIC,Trading,+61 3 9376 8633,Nilson Thomas,0430 567 449,0,0,,,25.82
5341,Co-Brand-Single,5-11 Mt Dandenong Road,Ringwood Nth ,3134,VIC,Trading,+61 3 9876 0866,Megan Medhurst,0432 251 981,0,0,,,25.82
5342,FSDT-Single,1 Central Avenue,Altona Meadows,3028,VIC,Trading,+61 3 9315 8377,Nilson Thomas,0430 567 449,0,0,,,25.82
5343,FSDT-Single,Cnr Western Hwy & Caroline Springs Blvde,Caroline Springs,3023,VIC,Trading,+61 3 8361 7322,Andrew Webb,0400 733 817,0,0,,,25.82
5344,FSDT-Single,154 Raglan Parade Warrnambool VIC ,Warrnambool,3280,VIC,Trading,+61 3 5560 5498,Rebecca Ormond ,401882992,0,0,,,25.82
5345,FSDT-Single,Cnr Gillies St & Howitt St,Wendouree (Ballarat),3355,VIC,Trading,+61 3 5560 5498,Nicole Phillips,0421 861 696,0,0,,,25.96
5347,FSDT-Single,"Brimbank Central, Station Road (Cnr Neale Rd)",Deer Park,3023,VIC,Trading,+61 3 9360 5476,Andrew Webb,0400 733 817,1,0,,,26.5
5356,FSDT-Single,737 Plenty Road,Mill Park,3082,VIC,Trading,+61 3 9437 8547,Leslie Banwell,0434 116 146,0,0,,1DT,25.82
5349,FSDT-Dual,"398 South Gippsland Hwy, Cranbourne Homemaker Centre Cranbourne ",Cranbourne North,3977,VIC,Trading,+61 3 5996 0450,Patrick Amante,0413 236 733,0,0,,,26.39
5350,FSDT-Single,Cnr Maroonda Hwy & Fletcher Rd,Chirnside Park,3116,VIC,Trading,+61 3 9727 5715,Megan Medhurst,0432 251 981,0,0,,,25.82
5351,FSDT-Single,"Parkmore S/C, Cnr Cheltenham Rd & Kingsclere Ave",Parkmore,3131,VIC,Trading,+61 3 9798 5211,Patrick Amante,0413 236 733,0,0,,,26.39
5367,FSDT-Single,9-13 Dimboola Road,Horsham,3400,VIC,Trading,+61 3 5382 7846,Nicole Phillips,0421 861 696,0,0,,1DT,25.82
5353,FSDT-Single,"Werribee Plaza Shopping Centre, 188 Derrimut Rd",Hoppers Crossing (Werribee Plaza),3029,VIC,Trading,+61 3 9742 2850,Andrew Webb,0400 733 817,0,0,,,26.48
5355,FSDT-Single,45-49 Hoddle Street,Richmond (Hoddle St),3121,VIC,Trading,+61 3 9417 6613,Bosco D'Souza,0400 045 697,0,0,,,25.82
5372,Co-Brand-Single,1-5 The Avenue,Ardeer,3020,VIC,Trading,+61 3 8361 8390,Andrew Webb,0400 733 817,0,0,,1DT,25.82
5357,FSDT-Single,424 Melton Hwy  (Watergardens),Taylors Lakes (Watergardens),3038,VIC,Trading,+61 3 9449 4455,Nicole Phillips,0421 861 696,0,0,,,25.96
5358,FSDT-Single,2-4 Stud Road,Dandenong,3175,VIC,Trading,+61 3 9706 8113,Bosco D'Souza,0400 045 697,1,0,,,25.82
5359,Co-Brand-Single,945 Pascoe Vale Road,Jacana,3047,VIC,Trading,+61 3 9351 1599,Kapil Kurdia,0403 650 068,1,0,,,27.03
5360,Co-Brand-Single,Cnr Dalton Road & Spencer Street,Thomastown,3074,VIC,Trading,+61 3 9464 7846,Leslie Banwell,0434 116 146,1,0,,,25.82
5361,FSDT-Single,Cnr Burwood Hwy & Elgar Rd,Burwood VIC,3125,VIC,Trading,+61 3 9808 3026,Megan Medhurst,0432 251 981,0,0,,,25.82
5362,FSDT-Single,Cnr High Street & Coburns Rd,Melton,3337,VIC,Trading,+61 3 9743 0652,Andrew Webb,0400 733 817,0,0,,,27.04
5363,FSDT-Single,25 Bellarine Highway,Newcomb,3219,VIC,Trading,+61 3 5248 5747,Rebecca Ormond ,401882992,0,0,,,25.82
5364,FSDT-Single,231 Sherbourne Road,Eltham,3095,VIC,Trading,+61 3 9439 7313,Leslie Banwell,0434 116 146,0,0,,,25.82
5365,Co-Brand,"Cnr Hume Freeway & Donnybrook Rd, Kalkallo",Bunker Hill,3064,VIC,Trading,+61 3 9745 2348,Leslie Banwell,0434 116 146,0,0,,DT,25.82
5366,FSDT-Single,Corner Ryley Street & Perry Street,Wangaratta,3677,VIC,Trading,+61 3 5721 3039,Leslie Banwell,0434 116 146,0,0,,,25.82
5373,Co-Brand-Single,Cnr Sayers Rd & Derrimut Rd,Tarneit,3029,VIC,Trading,+61 3 8742 1707,Nilson Thomas,0430 567 449,0,0,,1DT,25.82
5368,Inline,"Lower Ground No. 17, 300 Lonsdale Street",Melbourne Central,3000,VIC,Temp Closure,+61 3 9663 2844,Nicole Phillips,0421 861 696,0,0,,,25.96
5369,FSDT-Single,Cnr Blackburn Rd & Highbury Road,Mount Waverley,3149,VIC,Trading,+61 3 8845 7014,Megan Medhurst,0432 251 981,0,0,,,25.82
5370,Inline,"CS-14/99 Spencer St, Melbourne VIC ",Melbourne (Spencer St),3000,VIC,Trading,+61 3 9619 1549,Nicole Phillips,0421 861 696,0,0,,,25.96
5371,Inline,"99 Spencer Street, Southern Cross Station Level 1 C5-14 Melbourne ",Melbourne (Southern Cross),3000,VIC,Trading,+61 3 8676 0184,Nicole Phillips,0421 861 696,0,0,,,25.96
5377,Co-Brand-Single,19 Keilor Park Drive,Keilor Park Drive,3042,VIC,Trading,+61 3 9336 4427,Andrew Webb,0400 733 817,0,0,,1DT,25.92
5378,FSDT-Single,"159 Millers Road, Cnr Blackshaw Road",Altona North,3205,VIC,Trading,+61 3 9391 0980,Nilson Thomas,0430 567 449,1,0,,1DT,25.82
5374,Co-Brand-Single,1370  Ferntree Gully Road,Scoresby,3130,VIC,Trading,+61 3 9753 3814,Bosco D'Souza,0400 045 697,0,0,,,25.82
5375,Co-Brand-Dual,"Bell St, Preston, Vic",Bell St,3072,VIC,Trading,+61 3 9484 9929,Kapil Kurdia,0403 650 068,0,0,,,28.78
5376,FSDT-Single,239 Mickelkam Road,Tullamarine,3043,VIC,Trading,+61 3 9338 4333,Kapil Kurdia,0403 650 068,0,0,,2DTDD,26.39
5379,Co-Brand-Single,290 Sand Road,Longwarry Westbound,3816,VIC,Trading,+61 3 5629 9763 ,Patrick Amante,0413 236 733,0,0,,1DT,26.39
5381,Co-Brand-Single,"Lot 17, 1340 Hume Highway,  (Cnr Cameron Street) Kalkallo VIC",Kalkallo,3064,VIC,Trading,+61 3 9745 2115,Leslie Banwell,0434 116 146,0,0,,1DT,25.82
5382,Co-Brand-Single,"BP Service Centre, Princess freeway Westbound, Little River VIC ","Little River, West",3211,VIC,Trading,+61 3 5283 1904,Nilson Thomas,0430 567 449,0,0,,1DT,25.82
5380,Co-Brand-Single,"341 Sand Road, Longwarry Eastbound  VIC 3816",Longwarry Eastbound,3816,VIC,Trading,+61 3 5629 9042 ,Patrick Amante,0413 236 733,0,0,,,28.04
5384,FSDT-Single,248 Clyde Road,Berwick,3806,VIC,Trading,+61 3 9702 2466,Patrick Amante,0413 236 733,0,0,,1DT,26.39
8325,DT-Single,955 Wellington Road,Rowville,3178,VIC,Trading,+61 3 9755 8288,Nik Malesevic,0419 977 149,0,0,,1DT,25.82
5383,Co-Brand-Single,"BP Service Centre, Princess freeway Eastbound, Little River VIC ","Little River, East",3211,VIC,Trading, +61 3 5283 1893,Nilson Thomas,0430 567 449,0,0,,,25.82
5385,FSDT-Single,"135-177 Colac Road, Grovedale, VIC, ",Waurn Ponds,3216,VIC,Trading,+61 3 5243 0877,Rebecca Ormond ,401882992,0,0,,,25.82
5386,Co-Brand-Single,"12-62 Cook Street, Port Melbourne - Shell Services Station Westgate",Westgate,3207,VIC,Trading,+61 3 9646 1506,Nilson Thomas,0430 567 449,0,0,,,25.82
5387,Co-Brand-Single,"211 Leakes Road, Truganina VIC ",Truganina,3029,VIC,Trading,+61 3 8353 2257,Nilson Thomas,0430 567 449,1,0,,1DTD,25.82
5388,Co-Brand-Single,"336 ? 346 Bell Street, Pascoe Vale South VIC",Pascoe Vale,3044,VIC,Trading,+61 3 9354 5680,Kapil Kurdia,0403 650 068,0,0,,,28.78
5389,Co-Brand-Single,"555-559 Stephenson Road, Mt Waverly? VIC ",Notting Hill,3149,VIC,Trading,+61 3 9558 6440,Bosco D'Souza,0400 045 697,0,0,,,25.82
5390,Drive Thru,"17-19 Elizabeth St, Melbourne VIC ",Elizabeth Street,3000,VIC,Trading,+61 3 5326 1907,Nicole Phillips,0421 861 696,0,0,,,25.82
5391,FSDT-Dual,"176 Hull Road, Mooroolbark VIC ",Mooroolbark,3138,VIC,Trading,TBC,Megan Medhurst,0432 251 981,0,0,,1DTD,25.82
5394,Co-Brand,914 Skipton St Sebastopol VIC ,Sebastopol,3356,VIC,Trading,+61 3 9614 1753,Nicole Phillips,0421 861 696,0,0,,,25.96
5396,Inline,260 Latrobe St & 368 Elizabeth St Melbourne VIC ,LaTrobe,3000,VIC,Trading,+61 3 9654 0742,Nicole Phillips,0421 861 696,0,0,,,25.82
5397,FSDT-Single,200 Rosamond Rd Maribyrnong VIC ,Highpoint,3132,VIC,Trading,+61 3 9318 4088,Kapil Kurdia,0403 650 068,0,0,,,26.39
5398,FSDT-Single,426-430 Main Street Bairnsdale VIC ,Bairnsdale,3875,VIC,Trading,,Patrick Amante,0413 236 733,0,0,,,25.82
8219,FSDT,34 Ararat Road,Stawell,3380,VIC,Trading,,Nik Malesevic,0419 977 149,0,0,,1DTDD,
8300,Inline,Tullamarine Airport (Domestic),Tullamarine (CA One Melbourne)(Melb Qantas),3043,VIC,Trading,+61 3 9335 2877,Nik Malesevic,0419 977 149,0,0,,,25.82
8302,DT-Single,"218 High St, Golden Square",Bendigo,3550,VIC,Trading,+61 3 5441 3666,Nik Malesevic,0419 977 149,0,0,,,25.82
8303,Drive Thru,471-473 Wyndham Street,Shepparton,3630,VIC,Trading,+61 3 5831 1511,Nik Malesevic,0419 977 149,0,0,,,25.82
8309,DT-Single,Pad Site D Westfield S/Town F/ Gate Narre Warren Rd Nth,Narre Warren (Fountaingate),3805,VIC,Trading,+61 3 9796 0188,Nik Malesevic,0419 977 149,1,0,,,25.82
8310,Drive Thru,120 Argyle Street,Traralgon,3844,VIC,Trading,+61 3 5176 0713,Nik Malesevic,0419 977 149,0,0,,,26.39
8326,Inline,Shop No. 2033 Knox City S/C,Knox City F/CRT,3152,VIC,Trading,+61 3 9837 5091,Nik Malesevic,0419 977 149,0,0,,,25.82
8327,DT-Single,Cnr Corporate Dve & Warrigal Rd,Heatherton,3189,VIC,Trading,+61 3 9558 2209,Nik Malesevic,0419 977 149,0,0,,,25.82
8329,DT-Single,27-35 Gap Road,Sunbury,3429,VIC,Trading,+61 2 9740 9299,Nik Malesevic,0419 977 149,0,0,,,26.39
8330,Drive Thru,286 Frankston - Flinders Road,Frankston East,3199,VIC,Trading,+61 3 5971 5211,Nik Malesevic,0419 977 149,0,0,,,25.82
8332,DT-Single,161-163 Nepean Highway,Mentone,3194,VIC,Trading,+61 3 9584 3531,Nik Malesevic,0419 977 149,0,0,,,25.82
8335,Drive Thru,"Shop FB7, Westfield Food Court, 40 Magid Drive",Narre Warren (Fountaingate),3805,VIC,Trading,+61 3 9704 8622,Nik Malesevic,0419 977 149,0,0,,,25.82
8337,DT-Single,1-9 Belgrave-Hallam Road,Hallam,3803,VIC,Trading,+61 3 9796 3488,Nik Malesevic,0419 977 149,1,0,,,25.82
8339,Inline,"Shop F&B 5, Terminal 2 Airside",Melbourne Airport (Melb Inter Airside),3043,VIC,Temp Closure,+61 3 9297 1600,Nik Malesevic,0419 977 149,0,0,,,25.82
8340,Inline,"Shop 234 Chadstone S/C, 1341 Dandenong Rd ",Chadstone,3148,VIC,Trading,+61 3 9530 9745,Nik Malesevic,0419 977 149,0,0,,,25.82
8341,DT-Single,15 Moore St,Moe,3825,VIC,Trading,+61 3 5127 7686,Nik Malesevic,0419 977 149,0,0,,,25.82
8342,DT-Single,903 Nepean Highway,Moorabbin,3189,VIC,Trading,+61 3 9557 6413,Nik Malesevic,0419 977 149,0,0,,,25.82
8343,DT-Single,"Lot 1-4, 78 Princess Highway",Pakenham,3810,VIC,Trading,+61 3 5941 4030,Nik Malesevic,0419 977 149,0,0,,,25.82
8344,DT-Single,80 Victoria Cross Parade,Wodonga,3690,VIC,Trading,+61 2 6056 5217,Jodie Townley,0402 982 081,0,0,,,25.82
8345,DT-Single,"Service centre, Murray valley Highway, Barnawartha North",Barnawartha,3688,VIC,Trading,+61 2 6026 7277,Nik Malesevic,0419 977 149,0,0,,,25.82
8346,DT-Single,"84-86 Bulla Rd, Bulla, VIC ",Bulla,3428,VIC,Trading,+61 3 9307 1367,Nik Malesevic,0419 977 149,0,0,,,25.82
8347,DT-Single,161 ? 168 Ogilvie Ave,Echuca,3564,VIC,Trading,+61 3 5482 4324,Nik Malesevic,0419 977 149,0,0,,,25.82
8348,FSDT,"440 Cragieburn Rd, Craigieburn ",Craigieburn,3064,VIC,Trading,TBC,Nik Malesevic,0419 977 149,1,0,,,25.82
8349,FSDT,Unit T12 - 515 Hamersley Drive Clyde North,Clyde Nth,3978,VIC,Trading,,Nik Malesevic,0419 977 149,0,1,,1DT,
8350,FSDT,1405 Plenty Road,Mernda,3754,VIC,Trading,,Nik Malesevic,0419 977 149,0,1,,1DT,
9306,DT-Single,Cnr Somerton and Reservoir Rds.,Roxburgh Park,3064,VIC,Trading,+61 3 9303 9199,Nik Malesevic,0419 977 149,1,0,,,25.82
9308,DT-Single,"Lansell Plaza S/Ctr, Calder Highway",Bendigo (Kangaroo Flat),3550,VIC,Trading,+61 3 5447 3777,Nik Malesevic,0419 977 149,0,0,,,25.82
3100,FSDT-Single,382 Scarborough Beach Road,Innaloo,6018,WA,Trading,+61 8 9446 3994,Jacqui Hansen,0417 092 044,0,0,,,26.39
3101,FSDT-Single,2 Wiluna Street,Tuart Hill (Dog Swamp),6060,WA,Trading,+61 8 9242 2460,Rajen Koradia,0411 107 288,0,0,,,26.39
3103,FSDT-Single,Corner Canning Hwy & Murray Road,Palmyra (Melville),6156,WA,Trading,+61 9 9319 1915,Alice Townley,0402 763 560,0,0,,,26.39
3105,FSDT-Single,194 Walter Road,Morley,6062,WA,Trading,+61 8 9276 5560,Todd Gooch,0433 125 107,0,0,,,26.39
3109,FSDT-Single,2272 Albany Highway,Gosnells,6110,WA,Trading,+61 8 9398 7310,Kai Thorpe,0450 958 500,0,0,,,26.39
3110,FSDT-Single,323 Stirling Highway,Claremont,6010,WA,Trading,+61 8 9383 2525,Jacqui Hansen,0417 092 044,0,0,,1DTD,26.39
3113,FSDT-Single,157 Strickland Street,Bunbury,6230,WA,Trading,+61 8 9721 6454,Kellie Garner,0402 296 964,0,0,,,28.78
3114,FSDT-Single,Corner Benningfield Road & South St.,Bullcreek,6149,WA,Trading,+61 8 9310 6330,Todd Gooch,0433 125 107,0,0,,,26.39
3118,FSDT-Single,203 Warwick Road,Duncraig (Glengarry),6023,WA,Trading,+61 8 9447 3755,Rajen Koradia,0411 107 288,0,0,,,26.39
3120,FSDT-Single,"110 Chapman Rd, Geraldton WA ",Geraldton,6530,WA,Trading,+61 8 9921 5933,Rajen Koradia,0411 107 288,0,1,,1DT,26.39
3121,FSDT-Single,"Phoenix Road, Cnr Rockingham Road",Spearwood,6163,WA,Trading,+61 8 9434 1255,Alice Townley,0402 763 560,0,0,,,26.39
3122,FSDT-Single,Corner Beaufort & Vincents St.,Mt Lawley,6050,WA,Trading,+61 8 9227 6318,Rajen Koradia,0411 107 288,0,0,,,26.39
3123,FSDT-Single,300 Benara Road,Beechboro,6062,WA,Trading,+61 8 9377 2250,Todd Gooch,0433 125 107,0,0,,,26.39
3124,Inline,"Carillon Arcade, Shop 25/680 Hay St, Perth WA ",Carillon,6000,WA,Temp Closure,+61 8 9322 4060,Jacqui Hansen,0417 092 044,0,0,,,26.39
3126,FSDT-Single,"Spencer Village Shopping Ctre, Spencer Rd, Perth WA ",Thornlie,6108,WA,Trading,+61 8 9356 2088,Kai Thorpe,0450 958 500,0,0,,,28.78
3127,FSDT-Single,13 Lockyer Avenue ,Albany,6330,WA,Trading,+61 8 9842 1314,Kellie Garner,0402 296 964,0,0,,,28.78
3129,FSDT-Single,47 Yirrigan Drive,Mirrabooka,6061,WA,Trading,+61 8 9344 6530,Rajen Koradia,0411 107 288,0,0,,,26.39
3130,FSDT-Single,"158 Jull St, Armadale WA ",Armadale,6112,WA,Trading,+61 8 9399 7788,Kai Thorpe,0450 958 500,0,0,,,26.39
3131,Inline,"R&I Building, 92 William St.",Perth (William St),6000,WA,Trading,+61 8 9321 8501,Jacqui Hansen,0417 092 044,0,0,,,26.39
3132,FSDT-Single,Lakeside Joondalup Shopping Centre - Joondalup Drive,Joonddalup,6027,WA,Trading,+61 8 9300 3944,Rajen Koradia,0411 107 288,0,0,,,26.39
3136,FSDT-Single,1874 Marmion Ave,Clarkson,6030,WA,Trading,+61 8 9407 7455,Rajen Koradia,0411 107 288,0,0,,,26.39
3138,FSDT-Single,"Pad Site 1, Karrinyup Shopping Centre, Karrinyup Road",Karrinyup,6018,WA,Trading,+61 8 9446 2582,Jacqui Hansen,0417 092 044,0,1,,1DT,26.39
3139,FSDT-Single,Cnr. Wambro Sound Ave & Port Kennedy Dve ,Port Kennedy,6172,WA,Trading,+61 8 9524 5920,Kellie Garner,0402 296 964,0,0,,,25.82
3140,FSDT-Single,Corner Safety Bay Rd & Baldivis Rd ,Baldivis,6171,WA,Trading,+61 8 9524 3071,Todd Gooch,0433 125 107,0,0,,,26.39
3141,FSDT-Single,7359 Great Eastern Highway,Mundaring,6073,WA,Trading,+61 8 9295 6933,Todd Gooch,0433 125 107,0,0,,,26.39
3143,FSDT-Single,Cnr Gnangara Rd & Henley Brook Ave,Ellenbrook,6069,WA,Trading,+61 8 92971646,Rajen Koradia,0411 107 288,0,0,,,26.39
3145,FSDT-Single,1378 Marmion Avenue,Jindalee,6036,WA,Trading,+61 8 9562 5439,Rajen Koradia,0411 107 288,0,0,,,26.39
3147,FSDT-Single,Newpark Shopping Centre Marangaroo,Girrawheen,6064,WA,Trading,+61 8 9343 6059,Rajen Koradia,0411 107 288,0,0,,,26.39
3149,FSDT-Dual,"16 Commerce Street, Malaga WA ",Malaga,6090,WA,Trading,+ 61 8 9248 4255,Jacqui Hansen,0417 092 044,0,0,,2DTDD,26.39
3152,FSDT-Single,"Banksia Grove Village, 1000 Joondalup Drive, Banksia Grove",Banksia Grove,6031,WA,Trading, +61 8 9306 1855,Rajen Koradia,0411 107 288,0,0,,,26.39
3153,FSDT-Single,1 Beenyup Road,Byford,6122,WA,Trading, + 61 8 9526 8676,Kai Thorpe,0450 958 500,0,0,,,26.39
3154,FSDT-Single,"2903 Albany Highway, KELMSCOTT, ?WA ?",Kelmscott,6111,WA,Trading,? + 61 8 9390 0799,Kai Thorpe,0450 958 500,0,0,,,26.39
3155,FSDT-Dual,Corner Armadale Road & Alex Wood Drive FORRESTDALE WA ,Forrestdale,6112,WA,Trading,+ 61 8 9498 3870,Kai Thorpe,0450 958 500,0,0,,,26.39
3156,FSDT-Dual,514-516 Kalamunda Road,High Wycombe,6057,WA,Trading,+61 8 9454 6034,Todd Gooch,0433 125 107,0,0,,,26.39
3158,FSDT-Dual,Cnr Morrison Rd + Farrell Rd,Midvale,6056,WA,Trading,+61 8 9250 7255,Todd Gooch,0433 125 107,0,0,,,26.39
3159,DT-Single,46 Meares Avenue Kwinana Town Centre WA ,Kwinana,6167,WA,Trading,? + 61 8 9419 4770,Kellie Garner,0402 296 964,0,0,,2DTD,25.82
3160,DT-Single,"9 Armadale Road, Jandakot Cockburn Central WA ",Cockburn,6164,WA,Trading,+61 8 6392 7356,Kellie Garner,0402 296 964,0,0,,2DTD,26.39
3161,DT-Single,"882 Canning Highway, Applecross, WA ",Applecross,6153,WA,Trading,,Alice Townley,0402 763 560,0,0,,,26.39
3162,DT-Dual,"Corner Nicholson Road near Yellowwood Avenue, Piara Water, WA ",Harrisdale,6112,WA,Trading,+61 8 6391 7495,Kai Thorpe,0450 958 500,0,0,,2DTD,26.39
3163,FSDT-Dual,"804L Beeliar Drive, Yangebup WA ",Beeliar,6164,WA,Trading,+61 8 6392 8541,Alice Townley,0402 763 560,0,0,,,26.39
3164,FSDT,"Lot 311, 1 Niche Parade Wangara",Wangara,6065,WA,Construction,,Rajen Koradia,0411 107 288,0,0,,,
3165,FSDT-Dual,232 (lot 310) Orrong Road Carlisle,Carlisle,6101,WA,Trading,+61 8 6263 7677,Jacqui Hansen,0417 092 044,0,0,,,26.39
3166,FSDT-Single,"Lot 100, 1377 - 1381 Albany Highway Cannington WA ",Cannington Carousel,6107,WA,Trading,? + 61 8 6263 5925,Todd Gooch,0433 125 107,0,0,,,26.39
3167,FSDT-Dual,"Lot 1, Corner of Tiffany  & Norton Promenade, Dalyellup WA ",Dalyellup,6230,WA,Trading,+61 8 9789 9629,Kellie Garner,0402 296 964,0,0,,,25.82
3169,FSDT-Dual,774 Great Eastern Highway Redcliffe WA ,Redcliffe,6104,WA,Trading,,Todd Gooch,0433 125 107,0,0,,,25.82
3170,FSDT-Dual,"Meadow Springs Drive, Meadow Springs WA ",Meadow Springs,6210,WA,Trading,+61 8 9542 9484,Kellie Garner,0402 296 964,0,0,,,25.82
3171,Pop Up,"34 Goddard St, Lathlain Park, Lathlain WA ",Lathlain Park,6100,WA,Trading,,Jacqui Hansen,0417 092 044,0,0,,,26.39
3172,FSDT,"Corner Cockatoo Street & Dampier Hwy, Karratha",Karratha,6714,WA,Trading, +61 8 9116 4880,Todd Gooch,0433 125 107,0,1,,1DT,
3104,FSDT-Dual,36 Hardey Road,Belmont WA,6104,WA,Trading,+61 8 9277 6267,Jacqui Hansen,0417 092 044,0,0,,2DT,26.39
3106,FSDT-Single,226-232 Great Eastern Highway,Midland,6056,WA,Trading,+61 8 9274 3671,Todd Gooch,0433 125 107,0,0,,1DT,26.39
3108,FSDT-Single,"Whitfords S/C, Whitfords Ave",Hillarys (Whitfords),6025,WA,Trading,+61 8 9307 6733,Rajen Koradia,0411 107 288,0,0,,1DT,26.39
8000,Inline,"Site 1.C.209 Virgin Domestic Pier, ?383 Horrie Miller Drive; PERTH AIRPORT WA ",Perth Virgin,6105,WA,Temp Closure,,Nik Malesevic,0419 977 149,0,0,,,26.39
8001,Inline,"Perth International Airport Site 1.C.56 383 Horrie Miller Drive, PERTH WA ",Perth International,6105,WA,Trading,,Nik Malesevic,0419 977 149,0,0,,,26.39
3111,FSDT-Single,476 Wanneroo Road,Balga,6061,WA,Trading,+61 8 9344 3975,Jacqui Hansen,0417 092 044,0,0,,1DT,26.39
3115,FSDT-Single,15 Canning Highway,South Perth,6151,WA,Trading,+61 8  9474 2209,Jacqui Hansen,0417 092 044,0,0,,1DT,26.39
3116,FSDT-Single,23 Boulder Road,Kalgoorlie,6430,WA,Trading,+61 8 9021 3555,Todd Gooch,0433 125 107,0,0,,1DT,26.39
3119,FSDT-Single,330 Pinjarra Rd. ,Mandurah,6210,WA,Trading,+61 8 9581 4439,Kellie Garner,0402 296 964,0,0,,1DT,25.82
3128,FSDT-Dual,2 Leghorn Street,Rockingham,6168,WA,Trading,+61 8 9592 4994,Kellie Garner,0402 296 964,0,0,,2DT,25.82
3133,FSDT-Single,Corner Hay & Dennis Street,Subiaco,6008,WA,Trading,+61 8 9381 5364,Jacqui Hansen,0417 092 044,0,0,,1DT,26.39
3134,FSDT-Single,South Lakes S/C - Forrest Road,South Lakes,6164,WA,Trading,+61 8 9417 8633,Alice Townley,0402 763 560,0,0,,1DT,26.39
3135,FSDT-Single,"Lot 303, 3-5, Marshall Road",Myaree,6154,WA,Trading,+61 8 9330 8222,Alice Townley,0402 763 560,0,0,,1DT,26.39
3137,FSDT-Single,"Lot 235, 100 Ranford Road",Livingston,6155,WA,Trading,+61 8 9455 4830,Kai Thorpe,0450 958 500,0,0,,1DT,26.39
3142,FSDT-Single,Cnr Old Coast Rd & Mercedes Ave,Falcon,6210,WA,Trading,+61 8 9534 6381,Kellie Garner,0402 296 964,0,0,,1DT,25.82
3144,FSDT-Single,Cnr Wanneroo Road & Shaw Road,Wanneroo,6065,WA,Trading,+61 8 9206 3194,Jacqui Hansen,0417 092 044,0,0,,1DT,26.39
3146,FSDT-Single,20 Strelitzia Avenue,Forrestfield,6058,WA,Trading,+61 8 9453 6499,Todd Gooch,0433 125 107,0,0,,1DT,26.39
3148,FSDT-Single,16 Albert St,Busselton,6280,WA,Trading,+61 8 9752 3882,Kellie Garner,0402 296 964,0,0,,1DT,26.39
3150,Co-Brand-Single,"222 Manning Road, Karawara",Karawara,6152,WA,Trading,+ 61 8 9313 3915,Alice Townley,0402 763 560,0,0,,1DT,26.39
3151,FSDT-Single,"Eaton Fair Shoppping centre, 1 Recreation drive, Eaton ",Eaton Fair,6232,WA,Trading,+ 61 8? 9725 1282,Kellie Garner,0402 296 964,0,0,,1DT,25.82
3157,FSDT-Single,"46 Gwendoline Drive, Beldon WA ",Beldon,6027,WA,Trading,+61 8 9402 3205,Jacqui Hansen,0417 092 044,0,0,,1DT,26.39
